{
    "rmse": 58771.2161844154,
    "mae": 53638.24247311829,
    "r2": -1.128078027724023
}