{
    "rmse": 13588.325565303914,
    "mae": 8011.870201702773,
    "r2": 0.8862398701202444
}