{
    "rmse": 59053.55290945425,
    "mae": 53840.74661290323,
    "r2": -1.1485736997121188
}