{
    "rmse": 61579.14580104598,
    "mae": 56146.90827956989,
    "r2": -1.3362833420057125
}