{
    "rmse": 57703.04862904542,
    "mae": 52556.72483870968,
    "r2": -1.051425310902594
}