{
    "rmse": 13944.771814247648,
    "mae": 8110.581683559809,
    "r2": 0.8801933248125555
}