{
    "rmse": 57839.39925690972,
    "mae": 52808.19338709677,
    "r2": -1.0611316821537353
}